Sample,Lineage,Sublineage
HPV16 gi|1214633792|gb|KY549306,A,A1
HPV16 gi|1214633801|gb|KY549307,A,A1
HPV16 gi|1214633783|gb|KY549305,A,A1
HPV16 gi|1214632577|gb|KY549171,A,A1
HPV16 gi|242347698|gb|FJ610147,A,A1
HPV16 gi|1214633288|gb|KY549250,A,A1
HPV16 gi|1214633297|gb|KY549251,A,A1
HPV16 gi|1214633306|gb|KY549252,A,A1
HPV16 gi|1898669867|emb|LR861897,A,A1
HPV16 gi|1214632802|gb|KY549196,A,A1
HPV16 gi|1214632829|gb|KY549199,A,A1
HPV16 gi|399525948|gb|HQ644271,A,A1
HPV16 gi|399526047|gb|HQ644282,A,A1
HPV16 gi|1214632712|gb|KY549186,A,A1
HPV16 gi|399525849|gb|HQ644260,A,A1
HPV16 gi|399526083|gb|HQ644286,A,A1
HPV16 gi|1368653098|dbj|LC368988,A,A1
HPV16 gi|1021672792|gb|KU053867,A,A1
HPV16 gi|1214633720|gb|KY549298,A,A1
HPV16 gi|1214633729|gb|KY549299,A,A1
HPV16 gi|1021672774|gb|KU053865,A,A1
HPV16 gi|1021672783|gb|KU053866,A,A1
HPV16 gi|1214633459|gb|KY549269,A,A1
HPV16 gi|1214633468|gb|KY549270,A,A1
HPV16 gi|1368652909|dbj|LC368967,A,A1
HPV16 gi|1214633828|gb|KY549310,A,A1
HPV16 gi|1214633837|gb|KY549311,A,A1
HPV16 gi|1021672756|gb|KU053863,A,A1
HPV16 gi|1214632784|gb|KY549194,A,A1
HPV16 gi|1368652963|dbj|LC368973,A,A1
HPV16 gi|399526029|gb|HQ644280,A,A1
HPV16 gi|56462987|gb|AY686580,A,A1
HPV16|ZC01|E|A1,A,A1
HPV16 gi|399526056|gb|HQ644283,A,A1
HPV16 gi|1214632703|gb|KY549185,A,A1
HPV16 gi|1214632721|gb|KY549187,A,A1
HPV16 gi|1931625649|gb|MN961215,A,A1
HPV16 gi|1021672765|gb|KU053864,A,A1
HPV16 gi|1021672747|gb|KU053862,A,A1
HPV16 gi|399525867|gb|HQ644262,A,A1
HPV16 gi|1214632982|gb|KY549216,A,A1
HPV16 gi|1368653017|dbj|LC368979,A,A1
HPV16 gi|1778186189|dbj|LC511112,A,A1
HPV16 gi|1214633009|gb|KY549219,A,A1
HPV16 gi|1594461778|dbj|LC456197,A,A1
HPV16 gi|560891877|dbj|AB889489,A,A1
HPV16 gi|1214633576|gb|KY549282,A,A1
HPV16 gi|1214633585|gb|KY549283,A,A1
HPV16 gi|1368652801|dbj|LC368955,A,A1
HPV16 gi|1214632865|gb|KY549203,A,A1
HPV16 gi|399525831|gb|HQ644258,A,A1
HPV16 gi|1214632496|gb|KY549162,A,A1
HPV16 gi|1214633414|gb|KY549264,A,A1
HPV16 gi|1012282791|gb|KU684317,A,A1
HPV16 gi|4927719|gb|AF125673,A,A1
HPV16 gi|1368652945|dbj|LC368971,A,A1
HPV16 gi|1021672720|gb|KU053859,A,A1
HPV16 gi|560891868|dbj|AB889488,A,A1
HPV16 gi|1021672738|gb|KU053861,A,A1
HPV16 gi|1214633036|gb|KY549222,A,A1
HPV16 gi|1214633045|gb|KY549223,A,A1
HPV16 gi|1214633486|gb|KY549272,A,A1
HPV16 gi|1214633495|gb|KY549273,A,A1
HPV16 gi|1214633477|gb|KY549271,A,A1
HPV16 gi|1214632892|gb|KY549206,A,A1
HPV16 gi|242347707|gb|FJ610148,A,A1
HPV16 gi|1021672729|gb|KU053860,A,A1
HPV16 gi|1021672693|gb|KU053856,A,A1
HPV16 gi|1214632883|gb|KY549205,A,A1
HPV16 gi|1214633126|gb|KY549232,A,A1
HPV16 gi|1214633135|gb|KY549233,A,A1
HPV16 gi|1214633558|gb|KY549280,A,A1
HPV16 gi|1214633567|gb|KY549281,A,A1
HPV16 gi|1214633810|gb|KY549308,A,A1
HPV16 gi|1214633819|gb|KY549309,A,A1
HPV16 gi|1021672702|gb|KU053857,A,A1
HPV16 gi|1021672711|gb|KU053858,A,A1
HPV16 gi|1214633882|gb|KY549316,A,A1
HPV16 gi|1214633891|gb|KY549317,A,A1
HPV16 gi|1205267798|gb|KY883659,A,A1
HPV16|Qv18158|A1,A,A1
HPV16 gi|399525813|gb|HQ644256,A,A1
HPV16 gi|1931625631|gb|MN961213,A,A1
HPV16 gi|1931625658|gb|MN961216,A,A1
HPV16 gi|1931625604|gb|MN961210,A,A1
HPV16 gi|1021672873|gb|KU053876,A,A1
HPV16 gi|399525921|gb|HQ644268,A,A1
HPV16|Qv11687|A1,A,A1
HPV16 gi|1021672963|gb|KU053886,A,A1
HPV16 gi|1021672882|gb|KU053877,A,A1
HPV16 gi|1021672981|gb|KU053888,A,A1
HPV16 gi|1021672999|gb|KU053890,A,A1
HPV16 gi|1021672918|gb|KU053881,A,A1
HPV16 gi|1931625622|gb|MN961212,A,A1
HPV16 gi|1214632694|gb|KY549184,A,A1
HPV16 gi|1214632901|gb|KY549207,A,A1
HPV16 gi|1931625640|gb|MN961214,A,A1
HPV16 gi|1214633918|gb|KY549320,A,A1
HPV16 gi|1214633927|gb|KY549321,A,A1
HPV16 gi|1021672909|gb|KU053880,A,A1
HPV16 gi|700212542|gb|KF880690,A,A1
HPV16 gi|1021672972|gb|KU053887,A,A1
HPV16 gi|1021672891|gb|KU053878,A,A1
HPV16 gi|1021672990|gb|KU053889,A,A1
HPV16 gi|1214633531|gb|KY549277,A,A1
HPV16 gi|56463014|gb|AY686583,A,A1
HPV16 gi|1021672900|gb|KU053879,A,A1
HPV16 gi|1021672936|gb|KU053883,A,A1
HPV16 gi|1214632757|gb|KY549191,A,A1
HPV16 gi|1214633351|gb|KY549257,A,A1
HPV16 gi|1214633360|gb|KY549258,A,A1
HPV16 gi|1214632613|gb|KY549175,A,A1
HPV16 gi|1214633315|gb|KY549253,A,A1
HPV16 gi|1214632730|gb|KY549188,A,A1
HPV16 gi|1214633324|gb|KY549254,A,A1
HPV16 gi|1214632487|gb|KY549161,A,A1
HPV16 gi|1214633846|gb|KY549312,A,A1
HPV16 gi|1214633855|gb|KY549313,A,A1
HPV16 gi|1021672945|gb|KU053884,A,A1
HPV16 gi|1214633693|gb|KY549295,A,A1
HPV16 gi|1214633684|gb|KY549294,A,A1
HPV16 gi|1214633279|gb|KY549249,A,A1
HPV16 gi|1021672954|gb|KU053885,A,A1
HPV16 gi|1214633234|gb|KY549244,A,A1
HPV16 gi|1214633243|gb|KY549245,A,A1
HPV16 gi|1021672927|gb|KU053882,A,A1
HPV16 gi|1214632820|gb|KY549198,A,A1
HPV16 gi|1594461999|dbj|LC456628,A,A1
HPV16 gi|1214632964|gb|KY549214,A,A1
HPV16 gi|157087542|gb|EU118173,A,A1
HPV16 gi|1214632775|gb|KY549193,A,A1
HPV16 gi|1214633090|gb|KY549228,A,A1
HPV16 gi|1214633099|gb|KY549229,A,A1
HPV16 gi|1214633108|gb|KY549230,A,A1
HPV16 gi|1021672675|gb|KU053854,A,A1
HPV16 gi|1021672684|gb|KU053855,A,A1
HPV16 gi|1214633000|gb|KY549218,A,A1
HPV16 gi|1021672801|gb|KU053868,A,A1
HPV16 gi|1214632514|gb|KY549164,A,A1
HPV16 gi|1251879982|gb|KX947277,A,A1
HPV16 gi|1251880027|gb|KX947282,A,A1
HPV16 gi|1251879991|gb|KX947278,A,A1
HPV16 gi|1251880018|gb|KX947281,A,A1
HPV16 gi|1251880000|gb|KX947279,A,A1
HPV16 gi|1251880009|gb|KX947280,A,A1
HPV16_gi|1251879973|gb|KX947276,A,A1
HPV16 gi|1214633027|gb|KY549221,A,A1
HPV16 gi|374257615|gb|JQ004092,A,A1
HPV16 gi|1021672819|gb|KU053870,A,A1
HPV16 gi|1214632478|gb|KY549160,A,A1
HPV16 gi|1214633621|gb|KY549287,A,A1
HPV16 gi|1214633630|gb|KY549288,A,A1
HPV16 gi|1214632541|gb|KY549167,A,A1
HPV16 gi|196170262|gb|FJ006723,A,A1
HPV16 gi|396085025|gb|JN565302,A,A1
HPV16 gi|396085034|gb|JN565303,A,A1
HPV16 gi|1021672828|gb|KU053871,A,A1
HPV16 gi|1021672810|gb|KU053869,A,A1
HPV16 gi|1931625667|gb|MN961217,A,A1
HPV16 gi|1012282782|gb|KU684316,A,A1
HPV16 gi|1214633513|gb|KY549275,A,A1
HPV16 gi|1214633522|gb|KY549276,A,A1
HPV16 gi|1214633504|gb|KY549274,A,A1
HPV16 gi|1914219053|gb|MT783409,A,A1
HPV16 gi|374257624|gb|JQ004093,A,A1
HPV16 gi|1214633054|gb|KY549224,A,A1
HPV16 gi|1214633063|gb|KY549225,A,A1
HPV16 gi|1214632937|gb|KY549211,A,A1
HPV16 gi|1368652990|dbj|LC368976,A,A1
HPV16 gi|1368653062|dbj|LC368984,A,A1
HPV16_gi|1368652882|dbj|LC368964,A,A1
HPV16 gi|1594461733|dbj|LC456192,A,A1
HPV16 gi|1214632532|gb|KY549166,A,A1
HPV16 gi|1214632838|gb|KY549200,A,A1
HPV16 gi|1021672864|gb|KU053875,A,A1
HPV16 gi|396085043|gb|JQ067943,A,A1
HPV16 gi|1021672846|gb|KU053873,A,A1
HPV16 gi|1021672855|gb|KU053874,A,A1
HPV16 gi|1214633252|gb|KY549246,A,A1
HPV16 gi|1214633261|gb|KY549247,A,A1
HPV16 gi|1214633270|gb|KY549248,A,A1
HPV16 gi|1021672837|gb|KU053872,A,A1
HPV16 gi|396085052|gb|JQ067944,A,A1
HPV16 gi|399525975|gb|HQ644274,A,A1
HPV16 gi|1021672666|gb|KU053853,A,A1
HPV16 gi|1251879964|gb|KX947275,A,A1
HPV16 gi|1214632631|gb|KY549177,A,A1
HPV16 gi|1214632667|gb|KY549181,A,A1
HPV16 gi|1594462203|dbj|LC456609,A,A1
HPV16 gi|1251879937|gb|KX947272,A,A1
HPV16 gi|1914219059|gb|MT783410,A,A1
HPV16 gi|1012282746|gb|KU684312,A,A1
HPV16 gi|1251879946|gb|KX947273,A,A1
HPV16 gi|1251879955|gb|KX947274,A,A1
HPV16 gi|1251879928|gb|KX947271,A,A1
HPV16 gi|1214632442|gb|KY549156,A,A1
HPV16 gi|1214632595|gb|KY549173,A,A1
HPV16 gi|1021672648|gb|KU053851,A,A1
HPV16 gi|1021672657|gb|KU053852,A,A1
HPV16 gi|399525984|gb|HQ644275,A,A1
HPV16 gi|1373767657|gb|KY994539,A,A1
HPV16 gi|923688153|gb|KP212151,A,A1
HPV16 gi|242347716|gb|FJ610149,A,A1
HPV16 gi|1214632739|gb|KY549189,A,A1
HPV16 gi|1214633441|gb|KY549267,A,A1
HPV16 gi|1214633450|gb|KY549268,A,A1
HPV16 gi|1021672549|gb|KU053840,A,A1
HPV16 gi|1594462008|dbj|LC456627,A,A1
HPV16 gi|1594461688|dbj|LC456187,A,A1
HPV16 gi|1021672558|gb|KU053841,A,A1
HPV16 gi|1021672540|gb|KU053839,A,A1
HPV16 gi|1021672531|gb|KU053838,A,A1
HPV16 gi|1021672612|gb|KU053847,A,A1
HPV16 gi|1368652999|dbj|LC368977,A,A1
HPV16 gi|1021672567|gb|KU053842,A,A1
HPV16 gi|1214633738|gb|KY549300,A,A1
HPV16 gi|1214633747|gb|KY549301,A,A1
HPV16 gi|1021672639|gb|KU053850,A,A1
HPV16 gi|1021672594|gb|KU053845,A,A1
HPV16 gi|1594461886|dbj|LC456637,A,A1
HPV16 gi|1214632676|gb|KY549182,A,A1
HPV16 gi|399526065|gb|HQ644284,A,A1
HPV16 gi|56462996|gb|AY686581,A,A1
HPV16 gi|1021672621|gb|KU053848,A,A1
HPV16 gi|1021672576|gb|KU053843,A,A1
HPV16 gi|1021672585|gb|KU053844,A,A1
HPV16 gi|1021672603|gb|KU053846,A,A1
HPV16 gi|1021672630|gb|KU053849,A,A1
HPV16 gi|399525903|gb|HQ644266,A,A1
HPV16|Ref|E|A1,A,A1
HPV16 gi|1214633153|gb|KY549235,A,A1
HPV16 gi|1214633162|gb|KY549236,A,A1
HPV16 gi|1214633144|gb|KY549234,A,A1
HPV16 gi|1214633018|gb|KY549220,A,A1
HPV16 gi|1214632685|gb|KY549183,A,A1
HPV16 gi|1214632586|gb|KY549172,A,A1
HPV16 gi|1214633900|gb|KY549318,A,A1
HPV16 gi|1214633909|gb|KY549319,A,A1
HPV16 gi|1214633666|gb|KY549292,A,A1
HPV16 gi|1214633675|gb|KY549293,A,A1
HPV16 gi|1021672414|gb|KU053825,A,A1
HPV16 gi|1368652810|dbj|LC368956,A,A1
HPV16 gi|1898669886|emb|LR861899,A,A1
HPV16 gi|1021672396|gb|KU053823,A,A1
HPV16 gi|1021672405|gb|KU053824,A,A1
HPV16 gi|1214633756|gb|KY549302,A,A1
HPV16 gi|1214633765|gb|KY549303,A,A1
HPV16 gi|1214633774|gb|KY549304,A,A1
HPV16 gi|1021672423|gb|KU053826,A,A1
HPV16 gi|1214632955|gb|KY549213,A,A1
HPV16 gi|1021672432|gb|KU053827,A,A1
HPV16 gi|1214633702|gb|KY549296,A,A1
HPV16 gi|1214633711|gb|KY549297,A,A1
HPV16 gi|1021672441|gb|KU053828,A,A1
HPV16 gi|1214632856|gb|KY549202,A,A1
HPV16 gi|1251879910|gb|KX947269,A,A1
HPV16 gi|1251879919|gb|KX947270,A,A1
HPV16 gi|1214632640|gb|KY549178,A,A1
HPV16 gi|966752112|gb|KU298883,A,A1
HPV16 gi|1021672522|gb|KU053837,A,A1
HPV16 gi|1214633423|gb|KY549265,A,A1
HPV16 gi|1214633432|gb|KY549266,A,A1
HPV16 gi|1368653026|dbj|LC368980,A,A1
HPV16 gi|399525840|gb|HQ644259,A,A1
HPV16 gi|1021672477|gb|KU053832,A,A1
HPV16 gi|1214633072|gb|KY549226,A,A1
HPV16 gi|1214633081|gb|KY549227,A,A1
HPV16 gi|1214632847|gb|KY549201,A,A1
HPV16 gi|1214632604|gb|KY549174,A,A1
HPV16 gi|399526182|gb|HQ644297,A,A1
HPV16 gi|1214632469|gb|KY549159,A,A1
HPV16 gi|1214632658|gb|KY549180,A,A1
HPV16 gi|923688142|gb|KP212150,A,A1
HPV16 gi|923688288|gb|KP874717,A,A1
HPV16 gi|1368653053|dbj|LC368983,A,A1
HPV16 gi|966752103|gb|KU298882,A,A1
HPV16 gi|1021672486|gb|KU053833,A,A1
HPV16 gi|1021672504|gb|KU053835,A,A1
HPV16 gi|56463023|gb|AY686584,A,A1
HPV16 gi|1021672495|gb|KU053834,A,A1
HPV16 gi|1021672513|gb|KU053836,A,A1
HPV16 gi|923688229|gb|KP212157,A,A1
HPV16 gi|923688264|gb|KP874716,A,A1
HPV16 gi|923688178|gb|KP212153,A,A1
HPV16 gi|333031|gb|K02718,A,A1
HPV16 Variants HPV16 A1 K02718,A,A1
HPV16 A1 ref HPV16 A1 K02718,A,A1
HPV16 gi|399525912|gb|HQ644267,A,A1
HPV16 gi|1214633387|gb|KY549261,A,A1
HPV16 gi|1021672459|gb|KU053830,A,A1
HPV16 gi|1047888727|ref|NC 001526,A,A1
HPV16 gi|399526092|gb|HQ644287,A,A1
HPV16 gi|1214633864|gb|KY549314,A,A1
HPV16 gi|1368652918|dbj|LC368968,A,A1
HPV16 gi|399525885|gb|HQ644264,A,A1
HPV16 gi|923688336|gb|KP874719,A,A1
HPV16 gi|1214632973|gb|KY549215,A,A1
HPV16 gi|1021672450|gb|KU053829,A,A1
HPV16 gi|399525957|gb|HQ644272,A,A1
HPV16 gi|1214633603|gb|KY549285,A,A1
HPV16 gi|1214633612|gb|KY549286,A,A1
HPV16 gi|1214633648|gb|KY549290,A,A1
HPV16 gi|1214633657|gb|KY549291,A,A1
HPV16 gi|1214633639|gb|KY549289,A,A1
HPV16 gi|966752130|gb|KU298885,A,A1
HPV16 gi|1021672468|gb|KU053831,A,A1
HPV16 gi|923688165|gb|KP212152,A,A1
HPV16 gi|966752085|gb|KU298880,A,A1
HPV16 gi|966752094|gb|KU298881,A,A1
HPV16 gi|1021673008|gb|KU053891,A,A1
HPV16 gi|1594461841|dbj|LC456632,A,A3
HPV16 gi|1594461670|dbj|LC456185,A,A3
HPV16 gi|399525714|gb|HQ644245,A,A3
HPV16 gi|399525723|gb|HQ644246,A,A3
HPV16|AS411|A3,A,A3
HPV16 gi|399525633|gb|HQ644236,A,A3
HPV16 Variants HPV16 A3 HQ644236,A,A3
HPV16 gi|1778186135|dbj|LC511106,A,A3
HPV16 gi|1368653125|dbj|LC368991,A,A3
HPV16 gi|560891922|dbj|AB889494,A,A3
HPV16 gi|1214632811|gb|KY549197,A,A2
HPV16 gi|1214632991|gb|KY549217,A,A2
HPV16 gi|1021673107|gb|KU053902,A,A2
HPV16 gi|1214632460|gb|KY549158,A,A2
HPV16 gi|1021673116|gb|KU053903,A,A2
HPV16 gi|1214632550|gb|KY549168,A,A2
HPV16 gi|1214633225|gb|KY549243,A,A2
HPV16 gi|1021673098|gb|KU053901,A,A2
HPV16 gi|1214633189|gb|KY549239,A,A2
HPV16 gi|1214633198|gb|KY549240,A,A2
HPV16 gi|1214633333|gb|KY549255,A,A2
HPV16 gi|1214633342|gb|KY549256,A,A2
HPV16 gi|1214633549|gb|KY549279,A,A2
HPV16 gi|1214632523|gb|KY549165,A,A2
HPV16 gi|1368652864|dbj|LC368962,A,A2
HPV16 gi|1021673044|gb|KU053895,A,A2
HPV16 gi|1021673017|gb|KU053892,A,A2
HPV16 gi|1021673026|gb|KU053893,A,A2
HPV16 gi|1021673035|gb|KU053894,A,A2
HPV16 gi|1021673089|gb|KU053900,A,A2
HPV16 gi|1368652855|dbj|LC368961,A,A2
HPV16 gi|1101010010|dbj|LC193821,A,A2
HPV16 gi|1214632559|gb|KY549169,A,A2
HPV16 gi|1214632649|gb|KY549179,A,A2
HPV16 gi|1214632505|gb|KY549163,A,A2
HPV16 gi|1214632874|gb|KY549204,A,A2
HPV16 gi|1214632622|gb|KY549176,A,A2
HPV16 gi|242347689|gb|FJ610146,A,A2
HPV16 gi|1931625613|gb|MN961211,A,A2
HPV16 gi|242347743|gb|FJ610152,A,A2
HPV16 gi|1021673071|gb|KU053898,A,A2
HPV16 gi|1214633540|gb|KY549278,A,A2
HPV16 gi|1021673080|gb|KU053899,A,A2
HPV16 gi|923688203|gb|KP212155,A,A2
HPV16 gi|33330936|gb|AF536179,A,A2
HPV16 Variants HPV16 A2 AF536179,A,A2
HPV16|w0122|A2,A,A2
HPV16|ZC02|E|A2,A,A2
HPV16 gi|1021673062|gb|KU053897,A,A2
HPV16 gi|1214633180|gb|KY549238,A,A2
HPV16 gi|1021673053|gb|KU053896,A,A2
HPV16 gi|1214633171|gb|KY549237,A,A2
HPV16 gi|1214632766|gb|KY549192,A,A2
HPV16 gi|1214632568|gb|KY549170,A,A2
HPV16 gi|1511932921|gb|MH892050,A,A2
HPV16 gi|1214633207|gb|KY549241,A,A2
HPV16 gi|1214633216|gb|KY549242,A,A2
HPV16 gi|1214633369|gb|KY549259,A,A2
HPV16 gi|1214633378|gb|KY549260,A,A2
HPV16 gi|1594462080|dbj|LC456619,A,A4
HPV16 gi|525341902|dbj|AB818688,A,A4
HPV16 gi|1594461625|dbj|LC456180,A,A4
HPV16 gi|1368652828|dbj|LC368958,A,A4
HPV16 gi|1594461742|dbj|LC456193,A,A4
HPV16 gi|1594461652|dbj|LC456183,A,A4
HPV16 gi|525341893|dbj|AB818687,A,A4
HPV16 gi|1594461760|dbj|LC456195,A,A4
HPV16 gi|1368652972|dbj|LC368974,A,A4
HPV16 gi|1368653071|dbj|LC368985,A,A4
HPV16 gi|1368652891|dbj|LC368965,A,A4
HPV16 gi|1594461679|dbj|LC456186,A,A4
HPV16 gi|1594462026|dbj|LC456625,A,A4
HPV16 gi|1594461859|dbj|LC456634,A,A4
HPV16 gi|242347734|gb|FJ610151,A,A4
HPV16 gi|218931404|gb|EU918764,A,A4
HPV16 gi|1594461661|dbj|LC456184,A,A4
HPV16 gi|1594461724|dbj|LC456191,A,A4
HPV16 gi|1594462035|dbj|LC456624,A,A4
HPV16 gi|1368652927|dbj|LC368969,A,A4
HPV16 gi|1594462194|dbj|LC456610,A,A4
HPV16 gi|1594462098|dbj|LC456617,A,A4
HPV16 gi|1594461850|dbj|LC456633,A,A4
HPV16 gi|1594461814|dbj|LC456201,A,A4
HPV16 gi|1594461796|dbj|LC456199,A,A4
HPV16 gi|1594461990|dbj|LC456629,A,A4
HPV16 gi|1594462212|dbj|LC456608,A,A4
HPV16 gi|525341929|dbj|AB818691,A,A4
HPV16 gi|1594462125|dbj|LC456614,A,A4
HPV16 gi|1594462053|dbj|LC456622,A,A4
HPV16 gi|1368653044|dbj|LC368982,A,A4
HPV16 gi|1778186144|dbj|LC511107,A,A4
HPV16 gi|1368652819|dbj|LC368957,A,A4
HPV16 gi|1368652774|dbj|LC368952,A,A4
HPV16 gi|1594461643|dbj|LC456182,A,A4
HPV16 gi|1368652936|dbj|LC368970,A,A4
HPV16 gi|1368653107|dbj|LC368989,A,A4
HPV16 gi|1368652954|dbj|LC368972,A,A4
HPV16 gi|560891886|dbj|AB889490,A,A4
HPV16 gi|1594462143|dbj|LC456612,A,A4
HPV16 gi|1368652873|dbj|LC368963,A,A4
HPV16 gi|560891913|dbj|AB889493,A,A4
HPV16 gi|1368652900|dbj|LC368966,A,A4
HPV16 gi|1594462044|dbj|LC456623,A,A4
HPV16 gi|1021673133|gb|KU053905,A,A4
HPV16 gi|1778186153|dbj|LC511108,A,A4
HPV16 gi|1727110394|gb|MK484705,A,A4
HPV16 gi|1594462071|dbj|LC456620,A,A4
HPV16 gi|1368653134|dbj|LC368992,A,A4
HPV16 gi|1021673125|gb|KU053904,A,A4
HPV16|AS097|A4,A,A4
HPV16 gi|399525615|gb|HQ644234,A,A4
HPV16 gi|1953518106|gb|MW320358,A,A4
HPV16 gi|1368653170|dbj|LC368996,A,A4
HPV16 gi|482671885|gb|KC935953,A,A4
HPV16 gi|1214632793|gb|KY549195,A,A4
HPV16 gi|1594461751|dbj|LC456194,A,A4
HPV16 gi|374257633|gb|JQ004094,A,A4
HPV16 gi|374257678|gb|JQ004099,A,A4
HPV16 gi|1214632451|gb|KY549157,A,A4
HPV16 gi|1368652846|dbj|LC368960,A,A4
HPV16 gi|1594462134|dbj|LC456613,A,A4
HPV16 gi|399525741|gb|HQ644248,A,A4
HPV16 gi|399525768|gb|HQ644251,A,A4
HPV16 gi|1368653152|dbj|LC368994,A,A4
HPV16 gi|1594462221|dbj|LC456607,A,A4
HPV16 gi|560891904|dbj|AB889492,A,A4
HPV16|151168|A4,A,A4
HPV16|INJP0168|A4,A,A4
HPV16|AS310|A4,A,A4
HPV16 gi|399525858|gb|HQ644261,A,A4
HPV16|ZC03|As|A3,A,A4
HPV16|Qv2706|A4,A,A4
HPV16 gi|525341938|dbj|AB818692,A,A4
HPV16 gi|525341948|dbj|AB818693,A,A4
HPV16 gi|1368653008|dbj|LC368978,A,A4
HPV16 gi|1368653161|dbj|LC368995,A,A4
HPV16 gi|1594461634|dbj|LC456181,A,A4
HPV16 gi|1594461787|dbj|LC456198,A,A4
HPV16 gi|560891895|dbj|AB889491,A,A4
HPV16 gi|242347725|gb|FJ610150,A,A4
HPV16 gi|374257651|gb|JQ004096,A,A4
HPV16|w0724|A4,A,A4
HPV16 gi|33330060|gb|AF534061,A,A4
HPV16 Variants HPV16 A4 AF534061,A,A4
HPV16 gi|1594461832|dbj|LC456631,A,A4
HPV16 gi|1778186171|dbj|LC511110,A,A4
HPV16 gi|1594461805|dbj|LC456200,A,A4
HPV16 gi|1594461706|dbj|LC456189,A,A4
HPV16 gi|1594461823|dbj|LC456630,A,A4
HPV16 gi|399525624|gb|HQ644235,A,A4
HPV16 gi|1594462116|dbj|LC456615,A,A4
HPV16 gi|588295518|gb|KF954093,A,A4
HPV16 gi|1368653035|dbj|LC368981,A,A4
HPV16 gi|1594462107|dbj|LC456616,A,A4
HPV16 gi|1594462185|dbj|LC456611,A,A4
HPV16 gi|1368653116|dbj|LC368990,A,A4
HPV16 gi|1594461877|dbj|LC456636,A,A4
HPV16 gi|1368653179|dbj|LC368997,A,A4
HPV16 gi|1368653080|dbj|LC368986,A,A4
HPV16 gi|1778186162|dbj|LC511109,A,A4
HPV16 gi|1594462230|dbj|LC456606,A,A4
HPV16 gi|1368652981|dbj|LC368975,A,A4
HPV16 gi|1594461868|dbj|LC456635,A,A4
HPV16 gi|1594462062|dbj|LC456621,A,A4
HPV16 gi|1778186180|dbj|LC511111,A,A4
HPV16 gi|1214632748|gb|KY549190,A,n
HPV16 gi|399526119|gb|HQ644290,B,B1
HPV16 gi|399526173|gb|HQ644296,B,B1
HPV16 gi|399526146|gb|HQ644293,B,B1
HPV16 gi|1021673151|gb|KU053907,B,B1
HPV16 gi|399526200|gb|HQ644299,B,B1
HPV16|Z122|B1,B,B1
HPV16|Rw768|B1,B,B1
HPV16|Z16|B1,B,B1
HPV16|Rw918|B1,B,B1
HPV16 gi|1021673142|gb|KU053906,B,B1
HPV16|w0236|B1,B,B1
HPV16 gi|33330945|gb|AF536180,B,B1
HPV16 Variants HPV16 B1 AF536180,B,B1
HPV16 gi|1021673160|gb|KU053908,B,B1
HPV16 gi|296936109|gb|HM057182,B,B1
HPV16|BF325|B1,B,B1
HPV16 gi|399525669|gb|HQ644240,B,B1
HPV16 gi|27463075|gb|AF472508,B,B1
HPV16|R872|B1,B,B1
HPV16|ZC04|Af1|B1,B,B1
HPV16|BF215|B1,B,B1
HPV16 gi|399525651|gb|HQ644238,B,B1
HPV16 gi|1021673169|gb|KU053909,B,B1
HPV16 gi|1021673178|gb|KU053910,B,B1
HPV16 gi|1021673205|gb|KU053913,B,B2
HPV16 gi|1021673214|gb|KU053914,B,B2
HPV16 gi|1021673196|gb|KU053912,B,B2
HPV16 gi|1021673187|gb|KU053911,B,B2
HPV16 gi|1021673223|gb|KU053915,B,B2
HPV16 gi|399526191|gb|HQ644298,B,B2
HPV16 Variants HPV16 B2 HQ644298,B,B2
HPV16|Z109|B2,B,B2
HPV16|ZC05|Af1|B2,B,B2
HPV16 gi|1021673250|gb|KU053918,C,C1
HPV16 gi|1594462017|dbj|LC456626,C,C1
HPV16 gi|1021673241|gb|KU053917,C,C1
HPV16 gi|1021673259|gb|KU053919,C,C1
HPV16 gi|1214633594|gb|KY549284,C,C1
HPV16 gi|1214632919|gb|KY549209,C,C1
HPV16 gi|1214632928|gb|KY549210,C,C1
HPV16 gi|399525759|gb|HQ644250,C,C1
HPV16 gi|27463084|gb|AF472509,C,C1
HPV16 Variants HPV16 C1 AF472509,C,C1
HPV16 gi|923688312|gb|KP874718,C,C1
HPV16 gi|1214633396|gb|KY549262,C,C1
HPV16 gi|1214633405|gb|KY549263,C,C1
HPV16 gi|399526128|gb|HQ644291,C,C1
HPV16 gi|1021673232|gb|KU053916,C,C1
HPV16 gi|399526137|gb|HQ644292,C,C1
HPV16 gi|1214632946|gb|KY549212,C,C1
HPV16|IN272098|C0,C,C0
HPV16|R460|C0,C,C0
HPV16|Rw862|C0,C,C0
HPV16|ZC06|Af2|C1,C,C1
HPV16|Rw851|C0,C,C0
HPV16 gi|399525777|gb|HQ644252,C,C0
HPV16|BF236|C0,C,C0
HPV16 gi|399525660|gb|HQ644239,C,C0
HPV16|BF39|C0,C,C0
HPV16 gi|399525642|gb|HQ644237,C,C0
HPV16 gi|399525750|gb|HQ644249,C,C0
HPV16|IN221688|C0,C,C0
HPV16 gi|1214633117|gb|KY549231,C,C0
HPV16 gi|1368652837|dbj|LC368959,C,C0
HPV16 gi|525341920|dbj|AB818690,C,C0
HPV16|ZC07|Af2|C2,C,C2
HPV16 gi|399525705|gb|HQ644244,C,C2
HPV16 gi|1021673268|gb|KU053920,C,C2
HPV16 gi|1021673277|gb|KU053921,C,C2
HPV16 gi|399525696|gb|HQ644243,C,C2
HPV16 gi|1021673309|gb|KU053925,C,C2
HPV16 gi|1251880036|gb|KX947283,C,C2
HPV16 gi|1021673285|gb|KU053922,C,C2
HPV16 gi|1021673293|gb|KU053923,C,C2
HPV16 gi|1021673301|gb|KU053924,C,C2
HPV16|Qv00512|D1,D,D1
HPV16|ZC08|NA1|D1,D,D1
HPV16 gi|399525822|gb|HQ644257,D,D1
HPV16 Variants HPV16 D1 HQ644257,D,D1
HPV16 gi|1021673327|gb|KU053927,D,D1
HPV16_gi|1021673318|gb|KU053926,D,D1
HPV16 gi|1021673354|gb|KU053930,D,D1
HPV16 gi|1021673336|gb|KU053928,D,D1
HPV16 gi|1021673345|gb|KU053929,D,D1
HPV16 gi|1001528989|gb|KU641509,D,D1
HPV16 gi|1012282738|gb|KU684311,D,D1
HPV16 gi|525341911|dbj|AB818689,D,D1
HPV16 gi|1021673381|gb|KU053933,D,D1
HPV16 gi|1021673390|gb|KU053934,D,D1
HPV16 gi|1021673363|gb|KU053931,D,D1
HPV16 gi|1021673372|gb|KU053932,D,D1
HPV16 gi|1214632910|gb|KY549208,D,D1
HPV16 gi|1368652783|dbj|LC368953,D,D1
HPV16 gi|399525876|gb|HQ644263,D,D2
HPV16 gi|399525966|gb|HQ644273,D,D2
HPV16 gi|399526020|gb|HQ644279,D,D2
HPV16 gi|56463005|gb|AY686582,D,D2
HPV16 gi|399526002|gb|HQ644277,D,D2
HPV16 gi|399526038|gb|HQ644281,D,D2
HPV16 gi|399525795|gb|HQ644254,D,D2
HPV16 gi|1021673408|gb|KU053936,D,D2
HPV16 gi|399525939|gb|HQ644270,D,D2
HPV16 gi|56462978|gb|AY686579,D,D2
HPV16 Variants HPV16 D2 AY686579,D,D2
HPV16 gi|1021673399|gb|KU053935,D,D2
HPV16 gi|399525687|gb|HQ644242,D,D2
HPV16 gi|1368653143|dbj|LC368993,D,D2
HPV16 gi|399525678|gb|HQ644241,D,D2
HPV16|Qv15321|D2,D,D2
HPV16|Qv13791|D2,D,D2
HPV16|Qv15351|D2,D,D2
HPV16|Qv19067|D2,D,D2
HPV16|Qv22478|D2,D,D2
HPV16|Qv23890|D2,D,D2
HPV16|Qv24898|D2,D,D2
HPV16|Qv00124|D2,D,D2
HPV16|ZC10|AA|D3,D,D1
HPV16 gi|1251880045|gb|KX947284,D,D3
HPV16|Qv04917|D3,D,D3
HPV16|Qv0995|D3,D,D3
HPV16|Qv13040|D3,D,D3
HPV16|Qv23856|D3,D,D3
HPV16|Qv33364|D3,D,D3
HPV16 gi|1251880054|gb|KX947285,D,D3
HPV16|Rw677|D3,D,D3
HPV16|Qv00346|D3,D,D3
HPV16|Qv21730|D3,D,D3
HPV16|Rw649|D3,D,D3
HPV16|Qv00079|D3,D,D3
HPV16 gi|1012282755|gb|KU684313,D,D3
HPV16 gi|1012282773|gb|KU684315,D,D3
HPV16 gi|1012282764|gb|KU684314,D,D3
HPV16|ZC09|AA|D2,D,D3
HPV16|In78|D3,D,D3
HPV16 gi|923688191|gb|KP212154,D,D3
HPV16 gi|923688241|gb|KP212158,D,D3
HPV16 gi|399525894|gb|HQ644265,D,D3
HPV16 gi|923688215|gb|KP212156,D,D3
HPV16 gi|923688253|gb|KP212159,D,D3
HPV16 gi|399526155|gb|HQ644294,D,D3
HPV16 gi|399526164|gb|HQ644295,D,D3
HPV16 gi|1021673417|gb|KU053937,D,D3
HPV16 gi|374257660|gb|JQ004097,D,D3
HPV16 gi|1021673426|gb|KU053938,D,D3
HPV16 gi|399526101|gb|HQ644288,D,D3
HPV16 gi|399526110|gb|HQ644289,D,D3
HPV16 gi|1021673435|gb|KU053939,D,D3
HPV16 gi|1214633873|gb|KY549315,D,D3
HPV16 gi|374257642|gb|JQ004095,D,D3
HPV16 gi|399525732|gb|HQ644247,D,D3
HPV16 gi|374257669|gb|JQ004098,D,D3
HPV16 gi|29468132|gb|AF402678,D,D3
HPV16 Variants HPV16 D3 AF402678,D,D3
HPV16 gi|1021673444|gb|KU053940,D,D3
HPV16 gi|1021673453|gb|KU053941,D,D3
HPV16 gi|399525804|gb|HQ644255,D,D3
HPV16 gi|399525993|gb|HQ644276,D,D3
HPV16 gi|399526074|gb|HQ644285,D,D3
HPV16 gi|399525930|gb|HQ644269,D,D3
HPV16 gi|399526011|gb|HQ644278,D,D3
HPV16 gi|1021673462|gb|KU053942,D,D3
HPV16 gi|399525786|gb|HQ644253,D,D3
HPV16 gi|1021673480|gb|KU053944,D,D3
HPV16 gi|1021673471|gb|KU053943,D,D3
HPV16 gi|1594461715|dbj|LC456190,D,D3
HPV16 gi|1594462089|dbj|LC456618,D,D3
HPV16_gi|1368652792|dbj|LC368954,A,A4
HPV16_gi|1368653089|dbj|LC368987,A,A4
HPV16_gi|1594461697|dbj|LC456188,A,A4
HPV16_gi|1594461769|dbj|LC456196,A,A4
HPV16_gi|1778186126|dbj|LC511105,A,A4
